{"R68+c9q9RTeTwRF9LZPOYQ==":"mbr-1920x1170.jpg","GVmTms3ZhuVIFxpHBZ1vIw==":"gallery00-1200x750.jpg","dUAOsWCPVZhquCjmfMGvYQ==":"salacomedor-1200x750.jpg","hC1VxHOtqRuiPZziPZ7yFA==":"cuarto-1200x750.jpg","BhYLbH4u5P9lloMiKG1cKQ==":"cocina-1200x750.jpg","qDeiFQt0YXN6dHsN0CaIjQ==":"sala-1200x750.jpg","OKTRoYKr3wVLJK5gB9Udhg==":"logo-96x39.png","6bUB92SCSCfnY3vclVWXpQ==":"logo-442x178.png","fiilMDHxvwkw4tIZ8mBQhA==":"logo-192x77.png","aXjAStzIFOob7CqrADw1zw==":"2018-09-7-1200x800.jpg","rLCjJ2+oqE2ceBzPMPr77w==":"logo-cerro-prieto-sobregris-324x149.png","LnLnMqss3GxmT7hgDCQydQ==":"mbr-1920x1280.jpg","diHd9zWZ14jASPFIjt8RdQ==":"semi%20sotano%20b-1-1234x926.jpg","OTrSi2ZGYKR0BXTqPMzV3g==":"planos-departamentos-sotano-285x560.jpg","FVXIDDYuL5pVxizG2SRSKQ==":"planos-departamentos-sotano-1-285x560.jpg"}